User_ID,Username,Contact,Location,Device,Last_Active
1949648585,L1lNativ,,,,2025-03-16 12:43:14
6331458633,JustTraff,,,,2025-03-15 22:00:24
724970736,alenushka_2222,,,,2025-03-15 22:32:09
422745814,Sh3va095,,,,2025-03-16 11:25:35
7564024358,,,,,2025-03-16 12:06:24
7517603064,N/A,,,,2025-03-17 07:48:22
563308641,helenkovalchuk,,,,2025-03-16 21:22:30
5804479429,toma_881,N/A,,,2025-03-17 08:23:12
6273827680,MihaelaNatalia,N/A,,,2025-03-17 09:51:07
6450095833,YuliiaNorsk,N/A,,,2025-03-17 09:56:05
